id,season,broadcast_episode,title,airdate,url
163037,1,1,Pilot,2015-10-26,https://www.tvmaze.com/episodes/163037/supergirl-1x01-pilot
203918,1,2,Stronger Together,2015-11-02,https://www.tvmaze.com/episodes/203918/supergirl-1x02-stronger-together
203919,1,3,Fight or Flight,2015-11-09,https://www.tvmaze.com/episodes/203919/supergirl-1x03-fight-or-flight
395618,1,4,Livewire,2015-11-16,https://www.tvmaze.com/episodes/395618/supergirl-1x04-livewire
395614,1,5,How Does She Do It?,2015-11-23,https://www.tvmaze.com/episodes/395614/supergirl-1x05-how-does-she-do-it
455287,1,6,Red Faced,2015-11-30,https://www.tvmaze.com/episodes/455287/supergirl-1x06-red-faced
463159,1,7,Human for a Day,2015-12-07,https://www.tvmaze.com/episodes/463159/supergirl-1x07-human-for-a-day
487783,1,8,Hostile Takeover,2015-12-14,https://www.tvmaze.com/episodes/487783/supergirl-1x08-hostile-takeover
527877,1,9,Blood Bonds,2016-01-04,https://www.tvmaze.com/episodes/527877/supergirl-1x09-blood-bonds
542188,1,10,Childish Things,2016-01-18,https://www.tvmaze.com/episodes/542188/supergirl-1x10-childish-things
558877,1,11,Strange Visitor from Another Planet,2016-01-25,https://www.tvmaze.com/episodes/558877/supergirl-1x11-strange-visitor-from-another-planet
563451,1,12,Bizarro,2016-02-01,https://www.tvmaze.com/episodes/563451/supergirl-1x12-bizarro
573768,1,13,For the Girl Who Has Everything,2016-02-08,https://www.tvmaze.com/episodes/573768/supergirl-1x13-for-the-girl-who-has-everything
599221,1,14,"Truth, Justice and the American Way",2016-02-22,https://www.tvmaze.com/episodes/599221/supergirl-1x14-truth-justice-and-the-american-way
604003,1,15,Solitude,2016-02-29,https://www.tvmaze.com/episodes/604003/supergirl-1x15-solitude
611396,1,16,Falling,2016-03-14,https://www.tvmaze.com/episodes/611396/supergirl-1x16-falling
611397,1,17,Manhunter,2016-03-21,https://www.tvmaze.com/episodes/611397/supergirl-1x17-manhunter
600173,1,18,Worlds Finest,2016-03-28,https://www.tvmaze.com/episodes/600173/supergirl-1x18-worlds-finest
660456,1,19,Myriad,2016-04-11,https://www.tvmaze.com/episodes/660456/supergirl-1x19-myriad
660457,1,20,Better Angels,2016-04-18,https://www.tvmaze.com/episodes/660457/supergirl-1x20-better-angels
836111,2,1,The Adventures of Supergirl,2016-10-10,https://www.tvmaze.com/episodes/836111/supergirl-2x01-the-adventures-of-supergirl
912103,2,2,The Last Children of Krypton,2016-10-17,https://www.tvmaze.com/episodes/912103/supergirl-2x02-the-last-children-of-krypton
953376,2,3,Welcome to Earth,2016-10-24,https://www.tvmaze.com/episodes/953376/supergirl-2x03-welcome-to-earth
961163,2,4,Survivors,2016-10-31,https://www.tvmaze.com/episodes/961163/supergirl-2x04-survivors
967172,2,5,Crossfire,2016-11-07,https://www.tvmaze.com/episodes/967172/supergirl-2x05-crossfire
975345,2,6,Changing,2016-11-14,https://www.tvmaze.com/episodes/975345/supergirl-2x06-changing
977537,2,7,The Darkest Place,2016-11-21,https://www.tvmaze.com/episodes/977537/supergirl-2x07-the-darkest-place
975569,2,8,Medusa,2016-11-28,https://www.tvmaze.com/episodes/975569/supergirl-2x08-medusa
960597,2,9,Supergirl Lives,2017-01-23,https://www.tvmaze.com/episodes/960597/supergirl-2x09-supergirl-lives
1040747,2,10,We Can Be Heroes,2017-01-30,https://www.tvmaze.com/episodes/1040747/supergirl-2x10-we-can-be-heroes
1046386,2,11,The Martian Chronicles,2017-02-06,https://www.tvmaze.com/episodes/1046386/supergirl-2x11-the-martian-chronicles
1049517,2,12,Luthors,2017-02-13,https://www.tvmaze.com/episodes/1049517/supergirl-2x12-luthors
1058384,2,13,Mr. & Mrs. Mxyzptlk,2017-02-20,https://www.tvmaze.com/episodes/1058384/supergirl-2x13-mr-mrs-mxyzptlk
1070378,2,14,Homecoming,2017-02-27,https://www.tvmaze.com/episodes/1070378/supergirl-2x14-homecoming
1075676,2,15,Exodus,2017-03-06,https://www.tvmaze.com/episodes/1075676/supergirl-2x15-exodus
1083994,2,16,Star-Crossed,2017-03-20,https://www.tvmaze.com/episodes/1083994/supergirl-2x16-star-crossed
1095441,2,17,Distant Sun,2017-03-27,https://www.tvmaze.com/episodes/1095441/supergirl-2x17-distant-sun
1105967,2,18,Ace Reporter,2017-04-24,https://www.tvmaze.com/episodes/1105967/supergirl-2x18-ace-reporter
1105968,2,19,Alex,2017-05-01,https://www.tvmaze.com/episodes/1105968/supergirl-2x19-alex
1105969,2,20,City of Lost Children,2017-05-08,https://www.tvmaze.com/episodes/1105969/supergirl-2x20-city-of-lost-children
1105970,2,21,Resist,2017-05-15,https://www.tvmaze.com/episodes/1105970/supergirl-2x21-resist
1095442,2,22,"Nevertheless, She Persisted",2017-05-22,https://www.tvmaze.com/episodes/1095442/supergirl-2x22-nevertheless-she-persisted
1207199,3,1,Girl of Steel,2017-10-09,https://www.tvmaze.com/episodes/1207199/supergirl-3x01-girl-of-steel
1270129,3,2,Triggers,2017-10-16,https://www.tvmaze.com/episodes/1270129/supergirl-3x02-triggers
1270131,3,3,Far from the Tree,2017-10-23,https://www.tvmaze.com/episodes/1270131/supergirl-3x03-far-from-the-tree
1274840,3,4,The Faithful,2017-10-30,https://www.tvmaze.com/episodes/1274840/supergirl-3x04-the-faithful
1288074,3,5,Damage,2017-11-06,https://www.tvmaze.com/episodes/1288074/supergirl-3x05-damage
1288075,3,6,Midvale,2017-11-13,https://www.tvmaze.com/episodes/1288075/supergirl-3x06-midvale
1288076,3,7,Wake Up,2017-11-20,https://www.tvmaze.com/episodes/1288076/supergirl-3x07-wake-up
1267140,3,8,"Crisis on Earth-X, Part 1",2017-11-27,https://www.tvmaze.com/episodes/1267140/supergirl-3x08-crisis-on-earth-x-part-1
1346119,3,9,Reign,2017-12-04,https://www.tvmaze.com/episodes/1346119/supergirl-3x09-reign
1350924,3,10,Legion of Super-Heroes,2018-01-15,https://www.tvmaze.com/episodes/1350924/supergirl-3x10-legion-of-super-heroes
1351957,3,11,Fort Rozz,2018-01-22,https://www.tvmaze.com/episodes/1351957/supergirl-3x11-fort-rozz
1357189,3,12,For Good,2018-01-29,https://www.tvmaze.com/episodes/1357189/supergirl-3x12-for-good
1370482,3,13,Both Sides Now,2018-02-05,https://www.tvmaze.com/episodes/1370482/supergirl-3x13-both-sides-now
1370483,3,14,Schott Through the Heart,2018-04-16,https://www.tvmaze.com/episodes/1370483/supergirl-3x14-schott-through-the-heart
1370484,3,15,In Search of Lost Time,2018-04-23,https://www.tvmaze.com/episodes/1370484/supergirl-3x15-in-search-of-lost-time
1370485,3,16,Of Two Minds,2018-04-30,https://www.tvmaze.com/episodes/1370485/supergirl-3x16-of-two-minds
1370486,3,17,Trinity,2018-05-07,https://www.tvmaze.com/episodes/1370486/supergirl-3x17-trinity
1370487,3,18,Shelter from the Storm,2018-05-14,https://www.tvmaze.com/episodes/1370487/supergirl-3x18-shelter-from-the-storm
1370488,3,19,The Fanatical,2018-05-21,https://www.tvmaze.com/episodes/1370488/supergirl-3x19-the-fanatical
1370489,3,20,Dark Side of the Moon,2018-05-28,https://www.tvmaze.com/episodes/1370489/supergirl-3x20-dark-side-of-the-moon
1370490,3,21,Not Kansas,2018-06-04,https://www.tvmaze.com/episodes/1370490/supergirl-3x21-not-kansas
1370491,3,22,Make It Reign,2018-06-11,https://www.tvmaze.com/episodes/1370491/supergirl-3x22-make-it-reign
1370492,3,23,Battles Lost and Won,2018-06-18,https://www.tvmaze.com/episodes/1370492/supergirl-3x23-battles-lost-and-won
1473820,4,1,The American Alien,2018-10-14,https://www.tvmaze.com/episodes/1473820/supergirl-4x01-the-american-alien
1516350,4,2,Fallout,2018-10-21,https://www.tvmaze.com/episodes/1516350/supergirl-4x02-fallout
1516351,4,3,Man of Steel,2018-10-28,https://www.tvmaze.com/episodes/1516351/supergirl-4x03-man-of-steel
1516352,4,4,Ahimsa,2018-11-04,https://www.tvmaze.com/episodes/1516352/supergirl-4x04-ahimsa
1523880,4,5,Parasite Lost,2018-11-11,https://www.tvmaze.com/episodes/1523880/supergirl-4x05-parasite-lost
1523881,4,6,Call to Action,2018-11-18,https://www.tvmaze.com/episodes/1523881/supergirl-4x06-call-to-action
1523882,4,7,Rather the Fallen Angel,2018-11-25,https://www.tvmaze.com/episodes/1523882/supergirl-4x07-rather-the-fallen-angel
1557704,4,8,Bunker Hill,2018-12-02,https://www.tvmaze.com/episodes/1557704/supergirl-4x08-bunker-hill
1557705,4,9,"Elseworlds, Part 3",2018-12-11,https://www.tvmaze.com/episodes/1557705/supergirl-4x09-elseworlds-part-3
1557706,4,10,Suspicious Minds,2019-01-20,https://www.tvmaze.com/episodes/1557706/supergirl-4x10-suspicious-minds
1589563,4,11,Blood Memory,2019-01-27,https://www.tvmaze.com/episodes/1589563/supergirl-4x11-blood-memory
1598579,4,12,Menagerie,2019-02-17,https://www.tvmaze.com/episodes/1598579/supergirl-4x12-menagerie
1606265,4,13,"What's So Funny About Truth, Justice, and the American Way?",2019-03-03,https://www.tvmaze.com/episodes/1606265/supergirl-4x13-whats-so-funny-about-truth-justice-and-the-american-way
1606266,4,14,Stand and Deliver,2019-03-10,https://www.tvmaze.com/episodes/1606266/supergirl-4x14-stand-and-deliver
1606431,4,15,"O Brother, Where Art Thou?",2019-03-17,https://www.tvmaze.com/episodes/1606431/supergirl-4x15-o-brother-where-art-thou
1620324,4,16,The House of L,2019-03-24,https://www.tvmaze.com/episodes/1620324/supergirl-4x16-the-house-of-l
1623729,4,17,All About Eve,2019-03-31,https://www.tvmaze.com/episodes/1623729/supergirl-4x17-all-about-eve
1626711,4,18,Crime and Punishment,2019-04-21,https://www.tvmaze.com/episodes/1626711/supergirl-4x18-crime-and-punishment
1626712,4,19,American Dreamer,2019-04-28,https://www.tvmaze.com/episodes/1626712/supergirl-4x19-american-dreamer
1626713,4,20,Will the Real Miss Tessmacher Please Stand Up?,2019-05-05,https://www.tvmaze.com/episodes/1626713/supergirl-4x20-will-the-real-miss-tessmacher-please-stand-up
1626714,4,21,Red Dawn,2019-05-12,https://www.tvmaze.com/episodes/1626714/supergirl-4x21-red-dawn
1626715,4,22,The Quest for Peace,2019-05-19,https://www.tvmaze.com/episodes/1626715/supergirl-4x22-the-quest-for-peace
1672025,5,1,Event Horizon,2019-10-06,https://www.tvmaze.com/episodes/1672025/supergirl-5x01-event-horizon
1692733,5,2,Stranger Beside Me,2019-10-13,https://www.tvmaze.com/episodes/1692733/supergirl-5x02-stranger-beside-me
1692734,5,3,Blurred Lines,2019-10-20,https://www.tvmaze.com/episodes/1692734/supergirl-5x03-blurred-lines
1705891,5,4,In Plain Sight,2019-10-27,https://www.tvmaze.com/episodes/1705891/supergirl-5x04-in-plain-sight
1719118,5,5,Dangerous Liaisons,2019-11-03,https://www.tvmaze.com/episodes/1719118/supergirl-5x05-dangerous-liaisons
1719119,5,6,Confidence Women,2019-11-10,https://www.tvmaze.com/episodes/1719119/supergirl-5x06-confidence-women
1719120,5,7,Tremors,2019-11-17,https://www.tvmaze.com/episodes/1719120/supergirl-5x07-tremors
1727199,5,8,The Wrath of Rama Khan,2019-12-01,https://www.tvmaze.com/episodes/1727199/supergirl-5x08-the-wrath-of-rama-khan
1727200,5,9,Crisis on Infinite Earths: Part One,2019-12-08,https://www.tvmaze.com/episodes/1727200/supergirl-5x09-crisis-on-infinite-earths-part-one
1767397,5,10,The Bottle Episode,2020-01-19,https://www.tvmaze.com/episodes/1767397/supergirl-5x10-the-bottle-episode
1767398,5,11,Back from the Future - Part One,2020-01-26,https://www.tvmaze.com/episodes/1767398/supergirl-5x11-back-from-the-future-part-one
1767399,5,12,Back from the Future - Part Two,2020-02-16,https://www.tvmaze.com/episodes/1767399/supergirl-5x12-back-from-the-future-part-two
1767400,5,13,It's a Super Life,2020-02-23,https://www.tvmaze.com/episodes/1767400/supergirl-5x13-its-a-super-life
1796481,5,14,The Bodyguard,2020-03-08,https://www.tvmaze.com/episodes/1796481/supergirl-5x14-the-bodyguard
1796482,5,15,Reality Bytes,2020-03-15,https://www.tvmaze.com/episodes/1796482/supergirl-5x15-reality-bytes
1796483,5,16,Alex in Wonderland,2020-03-22,https://www.tvmaze.com/episodes/1796483/supergirl-5x16-alex-in-wonderland
1814111,5,17,Deus Lex Machina,2020-05-03,https://www.tvmaze.com/episodes/1814111/supergirl-5x17-deus-lex-machina
1814112,5,18,The Missing Link,2020-05-10,https://www.tvmaze.com/episodes/1814112/supergirl-5x18-the-missing-link
1860480,5,19,Immortal Kombat,2020-05-17,https://www.tvmaze.com/episodes/1860480/supergirl-5x19-immortal-kombat
2042395,6,1,Rebirth,2021-03-30,https://www.tvmaze.com/episodes/2042395/supergirl-6x01-rebirth
2045752,6,2,A Few Good Women,2021-04-06,https://www.tvmaze.com/episodes/2045752/supergirl-6x02-a-few-good-women
2045753,6,3,Phantom Menaces,2021-04-13,https://www.tvmaze.com/episodes/2045753/supergirl-6x03-phantom-menaces
2045754,6,4,Lost Souls,2021-04-20,https://www.tvmaze.com/episodes/2045754/supergirl-6x04-lost-souls
2045755,6,5,Prom Night!,2021-04-27,https://www.tvmaze.com/episodes/2045755/supergirl-6x05-prom-night
2045756,6,6,Prom Again!,2021-05-04,https://www.tvmaze.com/episodes/2045756/supergirl-6x06-prom-again
2045757,6,7,Fear Knot,2021-05-11,https://www.tvmaze.com/episodes/2045757/supergirl-6x07-fear-knot
2079493,6,8,"Welcome Back, Kara!",2021-08-24,https://www.tvmaze.com/episodes/2079493/supergirl-6x08-welcome-back-kara
2084482,6,9,Dream Weaver,2021-08-31,https://www.tvmaze.com/episodes/2084482/supergirl-6x09-dream-weaver
2084483,6,10,Still I Rise,2021-09-07,https://www.tvmaze.com/episodes/2084483/supergirl-6x10-still-i-rise
2084484,6,11,Mxy in the Middle,2021-09-14,https://www.tvmaze.com/episodes/2084484/supergirl-6x11-mxy-in-the-middle
2119572,6,12,Blind Spots,2021-09-21,https://www.tvmaze.com/episodes/2119572/supergirl-6x12-blind-spots
2161351,6,13,The Gauntlet,2021-09-28,https://www.tvmaze.com/episodes/2161351/supergirl-6x13-the-gauntlet
2161352,6,14,Magical Thinking,2021-10-05,https://www.tvmaze.com/episodes/2161352/supergirl-6x14-magical-thinking
2161353,6,15,Hope for Tomorrow,2021-10-12,https://www.tvmaze.com/episodes/2161353/supergirl-6x15-hope-for-tomorrow
2161354,6,16,Nightmare in National City,2021-10-19,https://www.tvmaze.com/episodes/2161354/supergirl-6x16-nightmare-in-national-city
2161355,6,17,I Believe in a Thing Called Love,2021-10-26,https://www.tvmaze.com/episodes/2161355/supergirl-6x17-i-believe-in-a-thing-called-love
2193407,6,18,Truth or Consequences,2021-11-02,https://www.tvmaze.com/episodes/2193407/supergirl-6x18-truth-or-consequences
2193408,6,19,The Last Gauntlet,2021-11-09,https://www.tvmaze.com/episodes/2193408/supergirl-6x19-the-last-gauntlet
2194093,6,20,Kara,2021-11-09,https://www.tvmaze.com/episodes/2194093/supergirl-6x20-kara
